{"acc": 0.8364088842843644, "loss": 0.1664693243702379, "_timestamp": 1700972148.878548, "_runtime": 31.453948974609375, "_step": 7, "_wandb": {"runtime": 33}}